silabo,frekvenco,procento
(l|a),696434,5.5546
(d|e),397323,3.1690
(∅|a),264923,2.1130
# --- ĉi tiuj silaboj kune kovras 10.8365% (sojlo: 10%) ---
(t|i),237440,1.8938
(l|i),234882,1.8734
(k|a|j),231612,1.8473
(∅|o),210361,1.6778
(∅|e|s),180751,1.4416
(t|a),172078,1.3725
# --- ĉi tiuj silaboj kune kovras 20.9428% (sojlo: 20%) ---
(∅|e|n),171487,1.3677
(t|o),170712,1.3616
(k|i),170396,1.3590
(n|i),150766,1.2025
(m|i),145416,1.1598
(t|e),141270,1.1267
(∅|u),139145,1.1098
(n|e),136193,1.0862
# --- ĉi tiuj silaboj kune kovras 30.7162% (sojlo: 30%) ---
(r|i),132615,1.0577
(r|e),126832,1.0116
(r|o),124774,0.9952
(∅|a|l),122805,0.9795
(v|i),122262,0.9751
(∅|i),117603,0.9380
(d|o),116509,0.9292
(n|o),113379,0.9043
(∅|e),110622,0.8823
(k|o),101836,0.8122
# --- ĉi tiuj silaboj kune kovras 40.2012% (sojlo: 40%) ---
(t|a|s),99567,0.7941
(d|i),93895,0.7489
(c|i),93058,0.7422
(∅|a|n),91979,0.7336
(r|a),91798,0.7322
(p|o),91191,0.7273
(s|i),90136,0.7189
(l|o),89685,0.7153
(k|o|n),87639,0.6990
(∅|e|l),86990,0.6938
(n|a),82314,0.6565
(t|i|s),78254,0.6241
(m|o),75930,0.6056
(p|e),73337,0.5849
(∅|i|n),73107,0.5831
# --- ĉi tiuj silaboj kune kovras 50.5608% (sojlo: 50%) ---
(t|o|j),73079,0.5829
(m|a),71754,0.5723
(p|o|r),69796,0.5567
(k|e),65576,0.5230
(k|a),64944,0.5180
(ĉ|i),62597,0.4993
(l|e),62382,0.4975
(n|u),60429,0.4820
(t|u),59436,0.4740
(pr|i),56893,0.4538
(d|a),56380,0.4497
(s|o),55973,0.4464
(p|a),55540,0.4430
(m|a|l),54279,0.4329
(m|e),53912,0.4300
(f|a),50892,0.4059
(v|e),50041,0.3991
(t|a|j),49117,0.3917
(g|i),47692,0.3804
(r|i|s),47612,0.3797
(f|i),47554,0.3793
# --- ĉi tiuj silaboj kune kovras 60.2584% (sojlo: 60%) ---
(pr|e),44584,0.3556
(b|o),44472,0.3547
(v|o),44448,0.3545
(∅|a|j),44408,0.3542
(t|e|r),43683,0.3484
(k|u|n),43382,0.3460
(r|a|n),43295,0.3453
(∅|u|j),42812,0.3415
(ĝ|i),42756,0.3410
(pr|o),42469,0.3387
(d|i|s),40493,0.3230
(p|e|r),40125,0.3200
(z|i),39891,0.3182
(d|u),39719,0.3168
(v|a|s),37898,0.3023
(s|e),37392,0.2982
(∅|o|n),36916,0.2944
(s|a),36654,0.2923
(v|a),36647,0.2923
(m|e|n),36565,0.2916
(g|a),36334,0.2898
(c|o),35853,0.2860
(l|a|n),35708,0.2848
(s|e|d),35698,0.2847
(∅|a|m),35523,0.2833
(l|i|n),35043,0.2795
(∅|e|k),35014,0.2793
(c|e),34809,0.2776
(ĝ|i|s),34532,0.2754
(k|u),34339,0.2739
(∅|a|ŭ),34313,0.2737
(r|o|j),33977,0.2710
# --- ĉi tiuj silaboj kune kovras 70.1463% (sojlo: 70%) ---
(pl|i),33634,0.2683
(j|a),33535,0.2675
(n|i|s),32970,0.2630
(ĉ|e),32479,0.2590
(f|o|r),31939,0.2547
(t|o|n),31653,0.2525
(l|o|j),30892,0.2464
(n|o|j),30802,0.2457
(m|o|n),29762,0.2374
(s|e|n),29275,0.2335
(j|o),29057,0.2318
(k|a|ŭ),28024,0.2235
(ŝ|i),27939,0.2228
(f|e),27363,0.2182
(g|i|s),25334,0.2021
(h|a),25269,0.2015
(h|o),25169,0.2007
(s|u),25145,0.2006
(tr|o),24770,0.1976
(g|o),23898,0.1906
(ĝ|o),23773,0.1896
(b|e),23550,0.1878
(r|a|s),23229,0.1853
(p|a|r),23158,0.1847
(s|u|r),22963,0.1831
(v|e|r),22957,0.1831
(d|a|n),22928,0.1829
(n|a|s),22835,0.1821
(t|a|ŭ),22312,0.1780
(t|a|n),22276,0.1777
(r|o|n),22088,0.1762
(b|a),21825,0.1741
(l|o|n),21747,0.1734
(z|o),21741,0.1734
(v|i|s),21236,0.1694
(tr|a),20632,0.1646
(s|i|n),20022,0.1597
(f|o),19998,0.1595
(r|u),19995,0.1595
(r|e|s),19980,0.1594
(p|i),19935,0.1590
(n|o|n),19888,0.1586
(d|o|j),19740,0.1574
(m|a|n),19408,0.1548
(l|a|s),18821,0.1501
(j|u),18590,0.1483
(tr|i),18520,0.1477
(∅|u|n),18350,0.1464
(∅|a|jn),18249,0.1455
(∅|o|j),18208,0.1452
(l|u),18198,0.1451
(t|o|jn),18017,0.1437
# --- ĉi tiuj silaboj kune kovras 80.0688% (sojlo: 80%) ---
(m|u),17926,0.1430
(∅|i|s),17905,0.1428
(t|e|n),17865,0.1425
(j|e),17014,0.1357
(g|e),17004,0.1356
(g|a|s),16958,0.1353
(m|o|j),16626,0.1326
(m|u|l),16485,0.1315
(l|i|s),16279,0.1298
(r|a|j),16249,0.1296
(s|i|s),16244,0.1296
(z|a),16143,0.1288
(st|a),16129,0.1286
(n|u|r),16038,0.1279
(k|o|m),15977,0.1274
(ĉ|a|r),15797,0.1260
(∅|a|r),15765,0.1257
(d|o|n),15709,0.1253
(gr|a|n),15644,0.1248
(l|a|ŭ),15442,0.1232
(d|u|m),14968,0.1194
(sc|i),14808,0.1181
(ĉ|u),14648,0.1168
(d|a|s),14501,0.1157
(t|e|m),14478,0.1155
(n|a|n),14476,0.1155
(pl|e|j),14322,0.1142
(∅|a|s),14009,0.1117
(s|e|r),13908,0.1109
(pl|e),13719,0.1094
(p|o|st),13701,0.1093
(z|i|s),13675,0.1091
(ĝ|a|s),13665,0.1090
(p|o|n),13528,0.1079
(ĝ|e),13417,0.1070
(tr|e),13310,0.1062
(∅|o|r),13140,0.1048
(b|i),13067,0.1042
(∅|a|k),12934,0.1032
(tr|a|ŭ),12823,0.1023
(k|i|s),12327,0.0983
(ĝ|i|n),12254,0.0977
(s|u|b),12080,0.0963
(m|e|m),12073,0.0963
(p|o|s),12021,0.0959
(n|u|n),11875,0.0947
(p|e|n),11853,0.0945
(s|e|k),11834,0.0944
(z|e),11683,0.0932
(∅|o|l),11664,0.0930
(tr|u),11623,0.0927
(l|e|k),11471,0.0915
(m|a|s),11116,0.0887
(k|o|j),10919,0.0871
(j|a|m),10781,0.0860
(n|a|j),10727,0.0856
(∅|e|b),10724,0.0855
(l|a|j),10711,0.0854
(d|e|k),10614,0.0847
(c|o|n),10565,0.0843
(∅|e|ĉ),10555,0.0842
(∅|o|m),10506,0.0838
(c|a),10493,0.0837
(∅|e|ŭ),10435,0.0832
(∅|u|jn),10056,0.0802
(v|e|n),10017,0.0799
(k|a|n),9794,0.0781
(r|o|jn),9792,0.0781
(t|o|s),9738,0.0777
(r|e|n),9735,0.0776
(g|u),9470,0.0755
(c|e|n),9446,0.0753
(b|u),9407,0.0750
(pl|u),9293,0.0741
(v|i|n),9244,0.0737
(d|e|n),9136,0.0729
(m|i|s),9060,0.0723
(p|u),8913,0.0711
(gr|a),8850,0.0706
(g|a|n),8662,0.0691
(m|o|r),8653,0.0690
(v|o|r),8641,0.0689
(∅|u|r),8619,0.0687
(v|a|n),8584,0.0685
(ĵ|o),8528,0.0680
(d|a|j),8527,0.0680
(kr|i),8524,0.0680
(c|e|r),8507,0.0678
(kr|e),8485,0.0677
(br|o),8322,0.0664
(l|o|jn),8213,0.0655
(d|a|ŭ),8130,0.0648
(n|o|jn),8039,0.0641
(ĵ|o|j),7889,0.0629
(c|i|s),7775,0.0620
(k|a|m),7743,0.0618
(k|e|l),7653,0.0610
(fr|a|n),7627,0.0608
(m|i|n),7531,0.0601
(g|a|r),7524,0.0600
(k|u|l),7467,0.0596
(gv|o),7447,0.0594
(s|a|n),7420,0.0592
(l|i|b),7401,0.0590
(m|a|j),7389,0.0589
(p|a|t),7215,0.0575
(m|a|r),7144,0.0570
(gr|e),7118,0.0568
# --- ĉi tiuj silaboj kune kovras 90.0379% (sojlo: 90%) ---
(t|a|jn),7099,0.0566
(t|i|n),7098,0.0566
(p|u|b),7063,0.0563
(kl|a),7030,0.0561
(z|e|n),6999,0.0558
(k|a|s),6890,0.0550
(l|e|r),6814,0.0543
(s|a|s),6725,0.0536
(r|a|ŭ),6717,0.0536
(v|u),6622,0.0528
(s|o|j),6429,0.0513
(c|o|j),6407,0.0511
(g|o|j),6302,0.0503
(pr|o|k),6285,0.0501
(c|e|p),6254,0.0499
(ŝ|a|j),6172,0.0492
(r|e|k),6155,0.0491
(ĝ|a),6119,0.0488
(ŝ|a|n),6068,0.0484
(ĝ|o|n),6051,0.0483
(h|e|l),6028,0.0481
(t|e|k),6010,0.0479
(s|o|n),5994,0.0478
(pl|a),5991,0.0478
(g|o|n),5946,0.0474
(sp|e),5936,0.0473
(h|i|s),5863,0.0468
(v|u|s),5786,0.0461
(f|e|r),5752,0.0459
(ŝt|a),5746,0.0458
(f|u|n),5680,0.0453
(kv|a),5667,0.0452
(t|u|s),5637,0.0450
(st|i),5631,0.0449
(m|o|jn),5581,0.0445
(v|a|j),5464,0.0436
(fr|a),5392,0.0430
(ĉ|a),5358,0.0427
(z|a|s),5351,0.0427
(ĝ|a|n),5344,0.0426
(j|e|n),5326,0.0425
(v|e|s),5306,0.0423
(v|o|s),5301,0.0423
(f|o|n),5200,0.0415
(∅|i|ns),5109,0.0407
(d|o|jn),5103,0.0407
(f|u),5071,0.0404
(skr|i),5069,0.0404
(j|o|n),5059,0.0403
(tr|a|n),5042,0.0402
(r|o|s),4934,0.0394
(ĝ|o|j),4929,0.0393
(n|i|n),4921,0.0392
(s|a|j),4907,0.0391
(b|o|n),4850,0.0387
(∅|o|k),4824,0.0385
(n|o|s),4810,0.0384
(p|a|s),4805,0.0383
(pl|o),4739,0.0378
(∅|i|m),4728,0.0377
(v|o|n),4704,0.0375
(z|e|m),4698,0.0375
(s|u|k),4651,0.0371
(n|e|k),4635,0.0370
(m|e|r),4628,0.0369
(pr|o|g),4581,0.0365
(∅|o|jn),4569,0.0364
(s|i|g),4499,0.0359
(t|u|r),4474,0.0357
(j|e|k),4472,0.0357
(n|a|ŭ),4440,0.0354
(tr|a|ns),4427,0.0353
(k|u|r),4424,0.0353
(t|o|p),4408,0.0352
(gr|u),4352,0.0347
(d|u|k),4322,0.0345
(st|e|r),4307,0.0344
(p|o|j),4305,0.0343
(z|o|j),4279,0.0341
(ĉ|i|r),4272,0.0341
(k|o|r),4241,0.0338
(g|e|r),4240,0.0338
(kv|a|n),4231,0.0337
(z|o|n),4172,0.0333
(br|i),4166,0.0332
(pr|e|s),4122,0.0329
(∅|o|b),4118,0.0328
(r|i|n),4114,0.0328
(ŝ|i|n),4080,0.0325
(b|o|j),4068,0.0324
(s|i|m),4068,0.0324
(p|e|k),4068,0.0324
(v|o|j),4056,0.0323
(f|a|k),4036,0.0322
(ĝ|u),4029,0.0321
(kr|e|s),3909,0.0312
(h|e),3909,0.0312
(∅|e|d),3904,0.0311
(gv|i),3890,0.0310
(∅|a|d),3857,0.0308
(sp|i),3844,0.0307
(pr|o|p),3835,0.0306
(ŝ|a),3793,0.0303
(kl|u),3761,0.0300
(t|u|j),3754,0.0299
(∅|o|f),3733,0.0298
(f|e|k),3714,0.0296
(k|o|ns),3707,0.0296
(n|o|r),3678,0.0293
(br|u),3674,0.0293
(g|a|j),3663,0.0292
(kv|a|r),3613,0.0288
(g|o|s),3594,0.0287
(k|o|s),3592,0.0286
(j|o|j),3575,0.0285
(gl|a),3559,0.0284
(kr|o),3556,0.0284
(fl|u),3541,0.0282
(ĝ|u|s),3537,0.0282
(∅|a|f),3534,0.0282
(tr|a|k),3497,0.0279
(ĉ|o),3488,0.0278
(z|a|ŭ),3487,0.0278
(st|e),3414,0.0272
(k|o|jn),3412,0.0272
(br|a),3406,0.0272
(t|a|k),3386,0.0270
(k|a|jn),3381,0.0270
(j|a|r),3380,0.0270
(kv|i),3370,0.0269
(∅|a|p),3340,0.0266
(st|a|n),3340,0.0266
(t|e|s),3300,0.0263
(kv|i|n),3274,0.0261
(c|a|j),3249,0.0259
(ĝ|o|s),3182,0.0254
(b|a|n),3177,0.0253
(∅|e|ks),3130,0.0250
(pr|i|n),3121,0.0249
(m|o|k),3110,0.0248
(n|o|m),3095,0.0247
(f|e|s),3081,0.0246
(d|e|ks),3075,0.0245
(s|u|p),3044,0.0243
(pr|o|b),3033,0.0242
(s|a|m),3026,0.0241
(str|a),3025,0.0241
(k|a|p),3025,0.0241
(st|u),2994,0.0239
(s|e|p),2992,0.0239
(s|o|l),2973,0.0237
(l|e|n),2973,0.0237
(d|e|r),2938,0.0234
(ĵ|o|jn),2918,0.0233
(ĵ|o|n),2912,0.0232
(r|a|jn),2903,0.0232
(c|a|s),2902,0.0231
(z|u),2876,0.0229
(gv|o|j),2869,0.0229
(kc|i),2847,0.0227
(ŝ|o),2823,0.0225
(∅|a|g),2806,0.0224
(p|a|n),2793,0.0223
(z|o|r),2788,0.0222
(p|i|s),2773,0.0221
(g|e|n),2771,0.0221
(b|o|r),2746,0.0219
(v|a|r),2704,0.0216
(f|e|n),2689,0.0214
(tr|e|p),2673,0.0213
(m|i|l),2666,0.0213
(n|e|b),2662,0.0212
(n|e|s),2658,0.0212
(gv|a),2638,0.0210
(b|i|s),2600,0.0207
(fl|a|n),2584,0.0206
(r|e|p),2560,0.0204
(f|i|r),2556,0.0204
(j|e|s),2551,0.0203
(f|a|j),2538,0.0202
(p|a|b),2536,0.0202
(tr|o|j),2528,0.0202
(c|e|nt),2509,0.0200
(d|a|k),2507,0.0200
(br|o|j),2505,0.0200
(d|o|s),2475,0.0197
(k|o|v),2474,0.0197
(r|u|s),2430,0.0194
(sk|u|l),2422,0.0193
(ĉ|a|m),2417,0.0193
(ŝ|i|s),2412,0.0192
(g|u|s),2383,0.0190
(p|a|j),2355,0.0188
(d|e|s),2336,0.0186
(ĉ|a|s),2326,0.0186
(b|a|ŭ),2315,0.0185
(kl|i),2312,0.0184
(g|o|jn),2307,0.0184
(kn|a),2305,0.0184
(tr|a|s),2289,0.0183
(pr|a),2274,0.0181
(z|u|l),2273,0.0181
(z|a|n),2273,0.0181
(p|u|d),2270,0.0181
(d|i|n),2226,0.0178
(sp|e|r),2223,0.0177
(t|u|t),2199,0.0175
(kr|o|m),2183,0.0174
(m|o|s),2176,0.0174
(kr|i|s),2156,0.0172
(l|a|r),2153,0.0172
(b|e|r),2139,0.0171
(n|a|jn),2136,0.0170
(l|a|jn),2132,0.0170
(d|u|s),2122,0.0169
(j|u|s),2112,0.0168
(b|a|l),2096,0.0167
(c|u),2095,0.0167
(c|o|jn),2094,0.0167
(ĉ|i|s),2093,0.0167
(tr|i|s),2085,0.0166
(r|a|k),2079,0.0166
(∅|a|t),2070,0.0165
(d|o|r),2045,0.0163
(ĵ|u|r),2037,0.0162
(c|a|n),2032,0.0162
(f|a|s),2021,0.0161
(d|e|b),2010,0.0160
(n|o|k),2001,0.0160
(p|u|n),1997,0.0159
(ĉ|e|f),1987,0.0158
(b|a|s),1982,0.0158
(ĉ|o|j),1977,0.0158
(fr|o|n),1976,0.0158
(s|o|jn),1963,0.0157
(r|o|m),1912,0.0152
(∅|o|s),1883,0.0150
(ĵ|e),1879,0.0150
(k|a|r),1873,0.0149
(pr|u),1867,0.0149
(h|u|n),1864,0.0149
(h|e|j),1841,0.0147
(v|a|jn),1821,0.0145
(ĝ|o|jn),1790,0.0143
(s|e|s),1782,0.0142
(pr|a|k),1774,0.0141
(kl|o),1767,0.0141
(v|o|l),1758,0.0140
(gv|o|n),1755,0.0140
(k|a|d),1748,0.0139
(f|i|n),1747,0.0139
(fr|u),1741,0.0139
(z|e|r),1737,0.0139
(gr|a|ŭ),1714,0.0137
(str|e),1700,0.0136
(l|e|s),1696,0.0135
(h|u),1696,0.0135
(d|u|n),1682,0.0134
(d|a|jn),1670,0.0133
(st|o),1658,0.0132
(g|i|p),1639,0.0131
(f|a|n),1623,0.0129
(b|e|s),1605,0.0128
(h|o|f),1602,0.0128
(t|a|b),1569,0.0125
(v|o|ĉ),1569,0.0125
(sp|e|k),1567,0.0125
(v|o|jn),1558,0.0124
(∅|a|b),1544,0.0123
(n|i|g),1540,0.0123
(n|e|n),1527,0.0122
(m|a|jn),1491,0.0119
(b|u|r),1487,0.0119
(ŝ|u|l),1463,0.0117
(kr|u),1442,0.0115
(ŝ|a|s),1441,0.0115
(gl|o),1432,0.0114
(fl|a),1420,0.0113
(l|u|s),1418,0.0113
(bl|a|n),1408,0.0112
(skl|a),1404,0.0112
(n|e|p),1394,0.0111
(m|e|t),1386,0.0111
(s|a|jn),1382,0.0110
(f|a|b),1380,0.0110
(b|i|l),1379,0.0110
(k|a|l),1371,0.0109
(z|a|j),1370,0.0109
(p|o|l),1369,0.0109
(∅|a|ŭs),1364,0.0109
(ĉ|o|n),1358,0.0108
(h|i),1357,0.0108
(s|o|s),1355,0.0108
(str|a|n),1352,0.0108
(v|i|d),1351,0.0108
(v|i|r),1347,0.0107
(b|i|b),1345,0.0107
(t|o|b),1343,0.0107
(z|o|jn),1335,0.0106
(l|a|l),1326,0.0106
(ĵ|u|s),1324,0.0106
(ŝt|o),1318,0.0105
(f|i|k),1312,0.0105
(tr|a|j),1297,0.0103
(m|u|r),1294,0.0103
(sl|o),1292,0.0103
(kt|o),1289,0.0103
(m|i|g),1287,0.0103
(d|o|k),1283,0.0102
(kt|a),1282,0.0102
(ĝ|a|j),1281,0.0102
(l|u|k),1274,0.0102
(d|e|t),1270,0.0101
(fr|e),1269,0.0101
(pl|e|k),1265,0.0101
(n|e|r),1258,0.0100
(l|o|s),1256,0.0100
(p|o|jn),1245,0.0099
(s|u|s),1243,0.0099
(c|e|m),1241,0.0099
(h|a|l),1232,0.0098
(s|o|r),1227,0.0098
(f|i|l),1221,0.0097
(t|e|b),1217,0.0097
(ĉ|a|j),1211,0.0097
(fr|e|m),1206,0.0096
(f|e|b),1203,0.0096
(m|u|lt),1198,0.0096
(sc|e),1191,0.0095
(f|o|j),1185,0.0095
(n|u|t),1183,0.0094
(z|o|s),1171,0.0093
(f|a|r),1168,0.0093
(pl|e|n),1166,0.0093
(f|i|s),1158,0.0092
(tr|i|n),1153,0.0092
(v|e|m),1150,0.0092
(pr|i|s),1124,0.0090
(br|o|n),1113,0.0089
(fl|o),1105,0.0088
(fl|i|k),1101,0.0088
(sv|e),1100,0.0088
(v|i|g),1099,0.0088
(c|i|r),1097,0.0087
(h|o|n),1095,0.0087
(n|o|v),1091,0.0087
(∅|e|m),1085,0.0087
(ĝ|e|n),1083,0.0086
(k|i|n),1074,0.0086
(d|i|p),1065,0.0085
(gv|a|j),1061,0.0085
(j|o|jn),1055,0.0084
(r|e|t),1044,0.0083
(b|o|jn),1038,0.0083
(k|e|lk),1037,0.0083
(kv|o),1032,0.0082
(ŝ|e),1018,0.0081
(m|o|nd),1012,0.0081
(t|a|g),1010,0.0081
(b|u|n),1008,0.0080
(g|e|b),1008,0.0080
(ŝ|u),991,0.0079
(b|u|l),971,0.0077
(pl|a|n),968,0.0077
(tr|o|n),957,0.0076
(∅|i|z),955,0.0076
(t|e|g),949,0.0076
(p|a|ŭ),948,0.0076
(dr|o),944,0.0075
(r|a|b),939,0.0075
(r|e|g),935,0.0075
(g|e|s),931,0.0074
(n|u|s),930,0.0074
(b|a|j),919,0.0073
(gv|i|s),919,0.0073
(f|u|r),918,0.0073
(bl|o),915,0.0073
(b|a|r),915,0.0073
(v|e|b),911,0.0073
(m|i|k),908,0.0072
(s|u|l),906,0.0072
(sp|a),896,0.0071
(ĉ|a|n),893,0.0071
(str|u|k),882,0.0070
(p|i|t),881,0.0070
(p|e|t),878,0.0070
(k|e|s),876,0.0070
(v|i|k),872,0.0070
(v|i|l),863,0.0069
(∅|o|g),863,0.0069
(gt|o),860,0.0069
(ĝ|a|r),859,0.0069
(∅|u|k),858,0.0068
(dr|a),833,0.0066
(sp|o|r),827,0.0066
(s|e|m),824,0.0066
(l|i|f),818,0.0065
(ĥ|a),813,0.0065
(b|e|l),812,0.0065
(d|a|m),812,0.0065
(t|o|m),802,0.0064
(v|i|c),799,0.0064
(g|a|jn),792,0.0063
(ĥ|i),791,0.0063
(fr|a|ŭ),782,0.0062
(c|i|p),782,0.0062
(p|i|n),772,0.0062
(br|e),766,0.0061
(ŝ|o|j),761,0.0061
(ĵ|u),760,0.0061
(d|i|k),755,0.0060
(t|i|k),751,0.0060
(r|e|b),751,0.0060
(s|a|l),751,0.0060
(bl|e),747,0.0060
(∅|a|lt),746,0.0059
(ĥ|o),744,0.0059
(ŝ|o|n),732,0.0058
(n|e|ŭ),713,0.0057
(sk|a),708,0.0056
(fr|u|k),704,0.0056
(br|a|n),703,0.0056
(p|o|ŝ),682,0.0054
(tr|o|m),679,0.0054
(sp|o),678,0.0054
(vj|u),670,0.0053
(∅|i|r),667,0.0053
(fr|i),667,0.0053
(kl|e),665,0.0053
(l|o|f),661,0.0053
(d|i|g),660,0.0053
(r|u|p),657,0.0052
(l|a|nd),652,0.0052
(v|i|v),649,0.0052
(c|a|jn),647,0.0052
(n|o|b),640,0.0051
(b|e|n),636,0.0051
(h|i|n),633,0.0050
(h|e|r),624,0.0050
(l|i|g),622,0.0050
(ĉ|o|jn),620,0.0049
(f|a|l),620,0.0049
(l|o|m),612,0.0049
(z|i|g),606,0.0048
(kt|e),603,0.0048
(g|a|ŭ),601,0.0048
(pl|u|r),601,0.0048
(b|i|r),598,0.0048
(br|o|jn),587,0.0047
(z|i|n),586,0.0047
(m|e|k),583,0.0046
(sk|o),583,0.0046
(d|o|l),581,0.0046
(∅|e|t),579,0.0046
(d|o|p),579,0.0046
(h|o|m),576,0.0046
(c|i|k),574,0.0046
(j|o|r),568,0.0045
(v|u|n),564,0.0045
(m|a|js),561,0.0045
(ŝl|o),560,0.0045
(r|u|b),554,0.0044
(tn|e),554,0.0044
(br|u|s),549,0.0044
(r|o|r),548,0.0044
(j|i),548,0.0044
(l|e|b),546,0.0044
(n|a|r),546,0.0044
(sk|u|r),539,0.0043
(r|i|p),538,0.0043
(ŝt|e),535,0.0043
(bl|i|n),532,0.0042
(bl|u),531,0.0042
(l|i|k),529,0.0042
(z|a|r),528,0.0042
(∅|u|s),526,0.0042
(t|o|r),526,0.0042
(gr|a|nd),525,0.0042
(ĉ|e|r),523,0.0042
(l|a|k),508,0.0041
(pr|i|t),505,0.0040
(sk|i),500,0.0040
(kr|a),500,0.0040
(pr|o|s),495,0.0039
(tr|o|jn),493,0.0039
(pr|u|n),492,0.0039
(l|o|ng),489,0.0039
(m|a|k),487,0.0039
(str|i),478,0.0038
(sk|u),475,0.0038
(∅|i|g),469,0.0037
(ps|i),469,0.0037
(n|u|f),456,0.0036
(d|e|p),453,0.0036
(k|o|l),450,0.0036
(l|i|t),449,0.0036
(d|a|nk),448,0.0036
(ŝ|o|jn),445,0.0035
(h|a|r),444,0.0035
(ŝp|a),440,0.0035
(n|e|g),435,0.0035
(st|o|j),434,0.0035
(st|o|n),434,0.0035
(h|e|b),433,0.0035
(gr|i),429,0.0034
(f|i|nn),428,0.0034
(tr|u|k),428,0.0034
(j|a|s),427,0.0034
(b|o|m),426,0.0034
(g|i|n),421,0.0034
(ŝ|a|r),420,0.0033
(j|i|s),419,0.0033
(ŝt|u),416,0.0033
(gv|o|jn),415,0.0033
(gv|a|n),412,0.0033
(t|e|ĥ),411,0.0033
(b|o|s),410,0.0033
(r|o|l),407,0.0032
(s|e|g),407,0.0032
(br|a|j),405,0.0032
(gl|a|n),404,0.0032
(sk|a|n),395,0.0032
(gv|e),395,0.0032
(s|a|k),395,0.0032
(gl|u),393,0.0031
(k|e|r),391,0.0031
(pl|o|n),390,0.0031
(z|a|jn),384,0.0031
(j|a|j),383,0.0031
(ŝ|e|r),382,0.0030
(d|a|p),381,0.0030
(pl|o|j),378,0.0030
(n|e|t),377,0.0030
(ĥ|e),375,0.0030
(z|e|b),371,0.0030
(∅|u|m),371,0.0030
(tr|i|k),370,0.0030
(r|i|t),362,0.0029
(fl|e),361,0.0029
(v|e|rs),361,0.0029
(st|u|l),360,0.0029
(tr|e|j),357,0.0028
(gr|u|n),356,0.0028
(gl|e),354,0.0028
(kl|a|ŭ),349,0.0028
(vj|e|t),349,0.0028
(fl|u|g),349,0.0028
(n|a|k),347,0.0028
(ĉ|i|p),346,0.0028
(f|o|jn),346,0.0028
(l|u|m),345,0.0028
(gl|i),340,0.0027
(k|e|n),336,0.0027
(ĵ|a),333,0.0027
(dr|e),332,0.0026
(kt|o|j),330,0.0026
(∅|u|l),329,0.0026
(p|a|ŝ),328,0.0026
(d|a|t),325,0.0026
(j|a|n),324,0.0026
(b|a|b),323,0.0026
(ŝt|a|t),322,0.0026
(k|u|p),320,0.0026
(ĉ|a|g),320,0.0026
(sv|i),317,0.0025
(sv|i|s),316,0.0025
(g|o|l),314,0.0025
(b|i|n),313,0.0025
(d|u|l),312,0.0025
(n|u|k),311,0.0025
(kt|u),310,0.0025
(r|a|r),306,0.0024
(r|a|nt),305,0.0024
(s|a|b),305,0.0024
(fr|u|n),303,0.0024
(∅|o|p),302,0.0024
(s|i|nt),300,0.0024
(ĉ|o|s),300,0.0024
(m|u|s),300,0.0024
(p|u|l),297,0.0024
(l|i|ŝ),293,0.0023
(g|o|r),290,0.0023
(p|a|l),289,0.0023
(m|u|n),288,0.0023
(sf|e),287,0.0023
(h|o|r),284,0.0023
(v|i|t),283,0.0023
(h|o|l),282,0.0022
(m|o|ns),280,0.0022
(pl|i|g),279,0.0022
(ŝ|i|r),276,0.0022
(t|a|ĉ),274,0.0022
(s|i|l),273,0.0022
(p|a|jn),270,0.0022
(f|a|jn),267,0.0021
(kt|o|n),266,0.0021
(d|a|v),266,0.0021
(k|e|b),266,0.0021
(m|e|z),265,0.0021
(t|a|l),265,0.0021
(l|a|g),264,0.0021
(m|o|ŝ),258,0.0021
(sp|u),258,0.0021
(ĝ|a|jn),257,0.0020
(ŝ|o|s),255,0.0020
(str|i|k),254,0.0020
(gr|o),248,0.0020
(pl|u|s),246,0.0020
(p|e|ŝ),246,0.0020
(fl|u|s),243,0.0019
(b|i|t),243,0.0019
(gv|a|jn),242,0.0019
(s|e|b),242,0.0019
(c|o|s),236,0.0019
(r|o|k),236,0.0019
(r|a|g),235,0.0019
(sv|i|n),234,0.0019
(l|e|t),232,0.0019
(h|a|ŭ),231,0.0018
(b|a|p),229,0.0018
(kt|i),229,0.0018
(ŝ|i|l),228,0.0018
(kt|a|n),227,0.0018
(m|e|b),227,0.0018
(st|a|k),225,0.0018
(l|a|p),225,0.0018
(st|a|r),224,0.0018
(l|a|m),223,0.0018
(tr|u|m),223,0.0018
(ŝn|u),223,0.0018
(tr|e|m),222,0.0018
(c|i|n),222,0.0018
(l|i|m),222,0.0018
(pl|a|j),221,0.0018
(sp|o|n),221,0.0018
(z|u|s),220,0.0018
(f|u|l),220,0.0018
(d|a|r),219,0.0017
(p|e|s),219,0.0017
(z|a|g),218,0.0017
(p|e|j),218,0.0017
(f|i|ŝ),217,0.0017
(kr|o|n),216,0.0017
(l|o|r),215,0.0017
(dr|i|n),215,0.0017
(n|a|f),211,0.0017
(fr|a|s),211,0.0017
(p|a|k),209,0.0017
(f|o|s),208,0.0017
(tr|e|n),207,0.0017
(k|u|s),207,0.0017
(st|o|jn),206,0.0016
(fr|a|nc),203,0.0016
(s|u|n),203,0.0016
(∅|e|r),202,0.0016
(kv|a|d),201,0.0016
(h|e|n),199,0.0016
(p|o|ŝt),198,0.0016
(tr|o|s),195,0.0016
(m|a|g),195,0.0016
(spr|i),190,0.0015
(sk|o|t),188,0.0015
(b|u|s),188,0.0015
(p|u|s),187,0.0015
(sk|e),183,0.0015
(pl|a|t),182,0.0015
(l|a|t),182,0.0015
(kt|a|j),181,0.0014
(g|i|m),181,0.0014
(pr|e|m),181,0.0014
(r|e|ĝ),180,0.0014
(h|o|s),180,0.0014
(t|e|d),180,0.0014
(bl|a|s),180,0.0014
(t|o|k),180,0.0014
(l|o|k),179,0.0014
(l|u|n),178,0.0014
(kr|i|p),177,0.0014
(p|i|l),177,0.0014
(fl|e|k),176,0.0014
(r|u|n),175,0.0014
(sl|a),175,0.0014
(br|a|s),172,0.0014
(h|e|k),170,0.0014
(h|i|m),170,0.0014
(d|a|f),168,0.0013
(ks|i|s),167,0.0013
(ŝv|e),167,0.0013
(v|u|l),167,0.0013
(sv|a),166,0.0013
(l|e|ĝ),166,0.0013
(fr|o),165,0.0013
(m|o|g),164,0.0013
(gr|o|j),163,0.0013
(p|u|r),163,0.0013
(ĉ|a|jn),162,0.0013
(t|a|d),161,0.0013
(p|i|nt),160,0.0013
(st|a|m),160,0.0013
(kv|e),160,0.0013
(k|i|ĝ),160,0.0013
(br|o|ŝ),159,0.0013
(m|e|s),157,0.0013
(l|u|p),157,0.0013
(t|a|r),156,0.0012
(ĥ|o|j),156,0.0012
(p|e|ns),155,0.0012
(v|o|rt),155,0.0012
(s|a|ŭ),155,0.0012
(ĉ|u|s),154,0.0012
(ks|o),153,0.0012
(n|a|nc),153,0.0012
(t|a|m),152,0.0012
(z|a|k),151,0.0012
(dr|a|s),151,0.0012
(p|o|k),151,0.0012
(h|e|jm),149,0.0012
(h|a|n),148,0.0012
(n|u|j),147,0.0012
(gr|i|m),147,0.0012
(dr|u),146,0.0012
(ĝ|e|r),145,0.0012
(m|a|t),145,0.0012
(h|a|m),144,0.0011
(kr|i|st),143,0.0011
(gv|i|d),141,0.0011
(t|o|g),141,0.0011
(ĥ|o|s),140,0.0011
(p|e|b),140,0.0011
(r|e|f),140,0.0011
(d|o|g),139,0.0011
(fr|a|k),138,0.0011
(fr|a|g),138,0.0011
(b|u|d),138,0.0011
(l|i|p),138,0.0011
(r|a|m),138,0.0011
(ps|e|ŭ),134,0.0011
(ĥ|a|l),134,0.0011
(l|a|st),134,0.0011
(l|e|g),134,0.0011
(bl|a),134,0.0011
(d|e|l),133,0.0011
(m|i|r),133,0.0011
(skr|i|b),133,0.0011
(s|i|k),132,0.0011
(f|o|rm),132,0.0011
(pl|o|jn),131,0.0010
(f|u|s),130,0.0010
(sv|a|r),129,0.0010
(pl|a|s),129,0.0010
(f|u|t),128,0.0010
(m|o|rt),128,0.0010
(kt|o|jn),127,0.0010
(h|i|z),127,0.0010
(br|e|m),127,0.0010
(r|o|p),126,0.0010
(k|i|m),125,0.0010
(f|o|l),125,0.0010
(g|a|l),123,0.0010
(br|i|s),122,0.0010
(f|a|ŭ),121,0.0010
(j|a|l),121,0.0010
(ŝm|i),121,0.0010
(b|o|l),118,0.0009
(bj|a),115,0.0009
(st|a|g),115,0.0009
(kr|u|c),114,0.0009
(pt|o),113,0.0009
(r|u|g),112,0.0009
(r|e|m),112,0.0009
(n|o|nt),112,0.0009
(k|a|mp),112,0.0009
(kr|u|d),111,0.0009
(sk|e|p),111,0.0009
(m|a|ŭ),110,0.0009
(k|a|ŝ),109,0.0009
(s|e|ks),109,0.0009
(m|e|j),109,0.0009
(v|a|k),109,0.0009
(l|o|ĝ),108,0.0009
(fr|e|k),108,0.0009
(tr|a|jn),107,0.0009
(k|u|t),107,0.0009
(st|u|d),107,0.0009
(n|i|l),106,0.0008
(t|i|b),106,0.0008
(st|i|n),106,0.0008
(m|a|d),105,0.0008
(l|e|ŭ),105,0.0008
(s|a|t),105,0.0008
(st|u|m),104,0.0008
(gr|o|n),102,0.0008
(s|i|d),102,0.0008
(b|a|jn),102,0.0008
(gl|o|j),101,0.0008
(sp|a|n),101,0.0008
(gv|a|r),100,0.0008
(k|i|p),100,0.0008
(ŝr|a|n),99,0.0008
(ĥ|o|n),99,0.0008
(c|e|l),99,0.0008
(p|a|ĉ),98,0.0008
(ŝv|i),98,0.0008
(c|e|s),98,0.0008
(z|a|m),97,0.0008
(p|u|g),97,0.0008
(gv|o|s),97,0.0008
(k|o|k),97,0.0008
(v|e|l),97,0.0008
(fr|o|s),96,0.0008
(k|u|m),96,0.0008
(sk|o|l),95,0.0008
(l|e|p),95,0.0008
(str|a|s),94,0.0007
(b|a|g),94,0.0007
(r|o|b),93,0.0007
(n|i|m),93,0.0007
(gl|a|j),92,0.0007
(fr|e|md),92,0.0007
(l|o|g),92,0.0007
(p|u|t),92,0.0007
(ps|a|l),91,0.0007
(r|e|j),91,0.0007
(c|u|s),91,0.0007
(r|e|nc),90,0.0007
(kr|e|m),89,0.0007
(h|a|s),89,0.0007
(j|u|n),89,0.0007
(s|o|b),88,0.0007
(ĵ|a|ŭ),87,0.0007
(gr|u|m),87,0.0007
(r|a|l),87,0.0007
(skr|u),87,0.0007
(d|o|b),85,0.0007
(f|i|t),85,0.0007
(pj|o|n),84,0.0007
(gj|a|n),84,0.0007
(pr|a|g),84,0.0007
(tv|e|r),83,0.0007
(ŝ|e|b),83,0.0007
(b|a|k),83,0.0007
(l|a|ŭt),82,0.0007
(tr|u|n),81,0.0006
(k|o|p),81,0.0006
(kt|a|jn),80,0.0006
(t|i|g),80,0.0006
(k|u|g),80,0.0006
(z|i|l),80,0.0006
(s|o|p),80,0.0006
(h|i|d),80,0.0006
(p|i|g),79,0.0006
(bl|i|s),79,0.0006
(g|a|d),79,0.0006
(st|o|k),78,0.0006
(kl|a|s),78,0.0006
(c|e|d),78,0.0006
(l|o|b),78,0.0006
(ĉ|e|t),77,0.0006
(h|a|j),77,0.0006
(br|a|jn),77,0.0006
(t|e|ŭ),77,0.0006
(k|i|r),77,0.0006
(b|i|ld),77,0.0006
(k|u|d),77,0.0006
(g|e|f),76,0.0006
(gk|o|n),76,0.0006
(r|i|st),76,0.0006
(∅|a|bs),76,0.0006
(dr|o|j),76,0.0006
(fr|e|ŝ),75,0.0006
(t|e|h),74,0.0006
(n|e|j),74,0.0006
(gl|a|s),74,0.0006
(kl|a|r),74,0.0006
(∅|u|f),73,0.0006
(kv|e|r),73,0.0006
(d|o|m),73,0.0006
(∅|u|z),73,0.0006
(sl|i),73,0.0006
(h|i|t),72,0.0006
(ŝt|o|r),72,0.0006
(r|o|g),72,0.0006
(d|u|f),72,0.0006
(n|e|d),72,0.0006
(p|a|c),72,0.0006
(sk|i|s),71,0.0006
(p|o|m),71,0.0006
(s|a|r),71,0.0006
(bl|o|n),70,0.0006
(j|o|s),69,0.0006
(k|o|b),69,0.0006
(gr|a|j),69,0.0006
(tr|u|s),69,0.0006
(d|e|f),69,0.0006
(c|i|l),68,0.0005
(pt|a),68,0.0005
(ŝpr|u),68,0.0005
(p|o|g),68,0.0005
(j|a|jn),67,0.0005
(gr|o|jn),66,0.0005
(pl|u|m),66,0.0005
(j|o|ĉ),65,0.0005
(gr|e|k),65,0.0005
(c|i|g),65,0.0005
(kl|o|n),65,0.0005
(fl|i|r),65,0.0005
(k|a|t),65,0.0005
(ĝ|e|b),65,0.0005
(dr|i),64,0.0005
(b|u|k),63,0.0005
(f|o|p),62,0.0005
(z|i|k),61,0.0005
(p|e|l),61,0.0005
(pl|a|jn),60,0.0005
(ŝr|u|m),60,0.0005
(l|u|t),60,0.0005
(ŝl|i),60,0.0005
(dr|o|n),59,0.0005
(ŝ|a|ŭ),59,0.0005
(f|o|rt),59,0.0005
(m|u|m),58,0.0005
(r|i|g),58,0.0005
(r|e|ŝ),58,0.0005
(j|u|r),58,0.0005
(v|a|l),58,0.0005
(n|a|l),58,0.0005
(ŝ|e|j),57,0.0005
(pt|i|s),57,0.0005
(pr|i|m),57,0.0005
(k|o|f),57,0.0005
(m|o|l),57,0.0005
(v|e|j),57,0.0005
(r|e|z),56,0.0004
(∅|e|st),56,0.0004
(ĥ|i|s),56,0.0004
(pl|o|r),56,0.0004
(fr|a|p),55,0.0004
(m|e|nt),55,0.0004
(g|u|r),55,0.0004
(v|e|st),55,0.0004
(st|u|r),54,0.0004
(r|o|z),54,0.0004
(h|u|r),54,0.0004
(ĥ|a|j),53,0.0004
(ŝ|e|k),53,0.0004
(ĵ|a|j),53,0.0004
(k|u|rs),52,0.0004
(z|i|m),51,0.0004
(c|u|r),51,0.0004
(s|o|k),51,0.0004
(ks|e),51,0.0004
(pt|i),51,0.0004
(kv|a|j),50,0.0004
(ĝ|a|l),50,0.0004
(j|u|ĝ),50,0.0004
(k|a|b),50,0.0004
(∅|e|nc),50,0.0004
(l|o|t),50,0.0004
(t|a|t),50,0.0004
(l|u|r),50,0.0004
(kv|o|n),49,0.0004
(st|a|s),49,0.0004
(tv|e),49,0.0004
(kr|i|b),49,0.0004
(gv|o|p),49,0.0004
(gr|o|s),49,0.0004
(ŝ|a|jn),48,0.0004
(ŝ|a|k),48,0.0004
(n|e|c),47,0.0004
(p|i|d),47,0.0004
(j|o|f),46,0.0004
(l|a|b),46,0.0004
(d|u|r),46,0.0004
(t|o|l),46,0.0004
(sl|a|n),46,0.0004
(p|e|d),45,0.0004
(t|i|r),45,0.0004
(kl|o|j),45,0.0004
(s|e|j),44,0.0004
(n|a|t),44,0.0004
(sb|u|r),44,0.0004
(p|a|kt),44,0.0004
(z|e|ŭ),44,0.0004
(ĵ|a|r),43,0.0003
(ĥ|u),43,0.0003
(n|o|g),43,0.0003
(str|u),43,0.0003
(∅|o|ĉ),42,0.0003
(d|u|b),42,0.0003
(sf|o|r),42,0.0003
(b|o|f),42,0.0003
(dr|i|s),42,0.0003
(m|e|l),42,0.0003
(ŝ|u|s),42,0.0003
(str|o),42,0.0003
(l|u|d),42,0.0003
(kf|u|r),41,0.0003
(g|e|k),41,0.0003
(tp|e),41,0.0003
(ĝ|u|r),41,0.0003
(n|e|z),41,0.0003
(ŭ|e),41,0.0003
(g|u|l),41,0.0003
(ŝtr|u|m),41,0.0003
(ĉ|i|f),41,0.0003
(km|e),41,0.0003
(ĉ|e|n),41,0.0003
(v|a|m),41,0.0003
(r|e|l),41,0.0003
(ĉ|i|n),41,0.0003
(v|e|ŝ),40,0.0003
(s|u|d),40,0.0003
(r|a|t),40,0.0003
(z|a|l),39,0.0003
(p|o|nd),39,0.0003
(v|e|t),39,0.0003
(b|a|nk),39,0.0003
(tr|o|l),39,0.0003
(sc|e|p),38,0.0003
(r|i|l),38,0.0003
(spr|o),38,0.0003
(v|e|k),38,0.0003
(∅|a|ŭd),37,0.0003
(sm|e),37,0.0003
(ĉj|o),36,0.0003
(st|i|b),36,0.0003
(h|e|lp),36,0.0003
(spl|i),36,0.0003
(g|a|m),36,0.0003
(ŝ|e|n),36,0.0003
(c|i|t),36,0.0003
(t|u|n),35,0.0003
(ŭ|o),35,0.0003
(r|e|ŭ),35,0.0003
(br|a|k),35,0.0003
(sp|e|s),35,0.0003
(b|e|j),34,0.0003
(h|e|t),34,0.0003
(s|i|b),34,0.0003
(c|i|rk),34,0.0003
(ŝt|i),34,0.0003
(d|a|l),34,0.0003
(tr|e|jn),34,0.0003
(l|i|r),34,0.0003
(b|o|k),34,0.0003
(b|e|b),34,0.0003
(t|e|l),33,0.0003
(ĥ|a|s),33,0.0003
(b|a|z),33,0.0003
(k|a|k),33,0.0003
(c|a|r),33,0.0003
(t|e|p),33,0.0003
(f|a|ld),33,0.0003
(pr|i|p),33,0.0003
(gr|i|n),33,0.0003
(v|i|b),33,0.0003
(j|i|n),32,0.0003
(ks|a),32,0.0003
(fr|e|s),32,0.0003
(n|a|z),32,0.0003
(ĝ|e|s),32,0.0003
(k|o|g),32,0.0003
(n|o|t),32,0.0003
(kr|i|m),31,0.0002
(ĥ|a|n),31,0.0002
(f|u|lm),31,0.0002
(p|a|m),31,0.0002
(s|o|f),31,0.0002
(fr|u|s),31,0.0002
(n|a|g),31,0.0002
(r|o|nd),31,0.0002
(st|e|ĉ),30,0.0002
(∅|e|f),30,0.0002
(gr|e|s),30,0.0002
(f|e|ŭ),30,0.0002
(t|e|nc),30,0.0002
(tr|i|ĥ),30,0.0002
(v|o|m),30,0.0002
(tr|a|f),30,0.0002
(n|i|k),30,0.0002
(∅|a|rt),30,0.0002
(ŝ|a|l),30,0.0002
(dr|e|s),29,0.0002
(p|o|z),29,0.0002
(nv|a),29,0.0002
(k|a|f),29,0.0002
(vl|a),29,0.0002
(dr|o|jn),29,0.0002
(t|e|mp),29,0.0002
(fr|o|nt),29,0.0002
(f|i|b),29,0.0002
(tr|u|p),29,0.0002
(g|e|t),28,0.0002
(n|u|m),28,0.0002
(m|o|p),28,0.0002
(pr|o|v),28,0.0002
(tr|o|c),28,0.0002
(sk|a|r),28,0.0002
(kl|i|n),28,0.0002
(fr|e|ŭ),27,0.0002
(n|o|rd),27,0.0002
(n|u|d),27,0.0002
(ĵ|i),27,0.0002
(pr|i|ŝ),27,0.0002
(f|i|ks),26,0.0002
(s|a|ns),26,0.0002
(ĵ|a|n),26,0.0002
(d|e|ŭ),26,0.0002
(k|o|ŝ),25,0.0002
(d|a|d),25,0.0002
(∅|a|z),25,0.0002
(f|i|lm),25,0.0002
(∅|u|g),25,0.0002
(ŭ|a),25,0.0002
(l|e|j),24,0.0002
(gl|a|jn),24,0.0002
(l|o|d),24,0.0002
(p|u|p),24,0.0002
(kr|a|m),24,0.0002
(st|a|p),24,0.0002
(n|a|m),24,0.0002
(fl|a|v),23,0.0002
(j|e|g),23,0.0002
(sv|o),23,0.0002
(t|u|m),23,0.0002
(p|o|v),23,0.0002
(r|u|ĝ),23,0.0002
(h|i|p),23,0.0002
(∅|i|l),23,0.0002
(f|e|st),23,0.0002
(fl|o|r),23,0.0002
(ĉ|e|s),22,0.0002
(ĝ|i|b),22,0.0002
(g|a|b),22,0.0002
(∅|o|bs),22,0.0002
(ĉ|u|k),22,0.0002
(n|i|r),22,0.0002
(f|e|l),22,0.0002
(bl|i),22,0.0002
(b|o|v),22,0.0002
(v|a|ĵ),22,0.0002
(pl|i|p),22,0.0002
(ŝ|i|p),22,0.0002
(k|o|st),21,0.0002
(c|o|l),21,0.0002
(f|e|j),21,0.0002
(sb|u),21,0.0002
(p|o|nt),21,0.0002
(p|u|m),21,0.0002
(sc|e|n),21,0.0002
(fl|a|g),21,0.0002
(ŝ|a|b),21,0.0002
(h|i|b),21,0.0002
(pl|i|s),21,0.0002
(ŝt|o|n),21,0.0002
(ŝp|i),21,0.0002
(sr|i),20,0.0002
(c|i|m),20,0.0002
(gr|a|f),20,0.0002
(bl|o|j),20,0.0002
(ĉ|a|ŭ),20,0.0002
(r|e|c),20,0.0002
(st|i|s),20,0.0002
(k|e|m),20,0.0002
(sf|i|n),20,0.0002
(p|a|g),20,0.0002
(l|o|ŝ),20,0.0002
(tv|i),20,0.0002
(pn|e|ŭ),20,0.0002
(k|a|rt),20,0.0002
(d|i|r),20,0.0002
(ŝm|i|n),20,0.0002
(l|a|d),20,0.0002
(tj|u|r),19,0.0002
(p|i|ŝ),19,0.0002
(p|i|k),19,0.0002
(kv|u),19,0.0002
(g|u|p),19,0.0002
(dr|a|ĥ),19,0.0002
(r|o|ŝ),19,0.0002
(p|o|p),19,0.0002
(g|i|l),19,0.0002
(c|a|f),18,0.0001
(ĝj|a|n),18,0.0001
(ĉ|e|d),18,0.0001
(f|i|c),18,0.0001
(j|e|b),18,0.0001
(brn|o),18,0.0001
(z|u|m),18,0.0001
(z|o|f),18,0.0001
(g|o|p),18,0.0001
(t|o|f),18,0.0001
(t|a|f),18,0.0001
(d|e|g),18,0.0001
(∅|i|k),18,0.0001
(l|a|lt),18,0.0001
(h|i|k),18,0.0001
(h|a|ŭt),17,0.0001
(tf|a),17,0.0001
(v|o|d),17,0.0001
(g|u|g),17,0.0001
(ĥ|e|s),17,0.0001
(tj|a),17,0.0001
(p|o|b),17,0.0001
(fr|e|d),17,0.0001
(vr|o|c),17,0.0001
(pj|e),17,0.0001
(skv|a),17,0.0001
(kr|u|s),17,0.0001
(n|o|p),17,0.0001
(pl|a|ŭ),17,0.0001
(gl|i|t),17,0.0001
(r|a|z),17,0.0001
(c|o|r),17,0.0001
(fl|u|k),17,0.0001
(j|a|k),16,0.0001
(d|i|l),16,0.0001
(t|i|m),16,0.0001
(s|u|m),16,0.0001
(∅|e|c),16,0.0001
(ĵ|u|m),16,0.0001
(gd|a|n),16,0.0001
(p|o|d),16,0.0001
(gr|e|n),16,0.0001
(∅|a|ĝ),16,0.0001
(h|u|s),16,0.0001
(v|i|ŝ),16,0.0001
(br|u|l),16,0.0001
(fl|a|ŭ),15,0.0001
(kj|a),15,0.0001
(c|e|j),15,0.0001
(t|i|l),15,0.0001
(k|i|l),15,0.0001
(g|e|l),15,0.0001
(skr|a),15,0.0001
(ŝm|i|r),15,0.0001
(sv|e|d),15,0.0001
(z|i|t),15,0.0001
(bl|a|nk),15,0.0001
(f|i|d),14,0.0001
(gŭ|a|n),14,0.0001
(g|o|ŝ),14,0.0001
(g|e|d),14,0.0001
(pr|o|z),14,0.0001
(ĝ|e|m),14,0.0001
(k|e|j),14,0.0001
(nz|o),14,0.0001
(tb|i),14,0.0001
(ĵ|a|m),14,0.0001
(bl|o|k),14,0.0001
(n|i|c),14,0.0001
(ŝ|a|nĝ),14,0.0001
(∅|e|nt),14,0.0001
(r|u|r),14,0.0001
(ks|o|n),13,0.0001
(sk|o|r),13,0.0001
(m|e|ns),13,0.0001
(∅|a|ŭg),13,0.0001
(k|a|g),13,0.0001
(l|e|ĉ),13,0.0001
(dr|u|ĉ),13,0.0001
(∅|u|d),13,0.0001
(s|a|lt),13,0.0001
(dv|i),13,0.0001
(dr|o|g),13,0.0001
(ŝp|a|r),13,0.0001
(z|u|r),13,0.0001
(g|i|r),13,0.0001
(d|o|rm),13,0.0001
(v|o|p),13,0.0001
(str|a|t),13,0.0001
(tp|o),13,0.0001
(mk|a|m),13,0.0001
(f|e|nd),12,0.0001
(l|i|ns),12,0.0001
(n|e|ŝ),12,0.0001
(ŝ|e|t),12,0.0001
(kn|a|j),12,0.0001
(dm|i|t),12,0.0001
(tr|o|p),12,0.0001
(t|u|l),12,0.0001
(n|e|f),12,0.0001
(m|o|z),12,0.0001
(m|o|d),12,0.0001
(d|i|t),12,0.0001
(m|e|d),12,0.0001
(r|u|d),12,0.0001
(j|a|ĥ),11,0.0001
(gv|a|f),11,0.0001
(sp|e|z),11,0.0001
(br|e|b),11,0.0001
(dr|a|j),11,0.0001
(gh|a),11,0.0001
(b|u|ŝ),11,0.0001
(k|o|d),11,0.0001
(c|i|d),11,0.0001
(g|o|f),11,0.0001
(p|i|p),11,0.0001
(g|o|m),11,0.0001
(sp|a|s),11,0.0001
(m|e|ĉ),11,0.0001
(k|a|nt),11,0.0001
(j|a|ĝ),11,0.0001
(r|i|k),11,0.0001
(m|u|f),11,0.0001
(ŝ|o|k),10,0.0001
(n|u|b),10,0.0001
(t|e|c),10,0.0001
(m|i|ĉ),10,0.0001
(gf|o|r),10,0.0001
(tr|o|b),10,0.0001
(z|a|ĥ),10,0.0001
(v|e|p),10,0.0001
(br|o|s),10,0.0001
(d|a|ŝ),10,0.0001
(r|e|kt),10,0.0001
(ks|a|n),10,0.0001
(n|i|t),10,0.0001
(ĵ|e|n),10,0.0001
(ŝ|e|v),10,0.0001
(r|a|ĵ),10,0.0001
(m|i|t),10,0.0001
(gl|i|s),10,0.0001
(b|a|t),10,0.0001
(b|o|ŝ),10,0.0001
(m|o|nt),10,0.0001
(l|i|ĝ),10,0.0001
(m|i|ks),10,0.0001
(c|e|b),10,0.0001
(z|o|k),9,0.0001
(pl|u|v),9,0.0001
(z|a|b),9,0.0001
(r|o|d),9,0.0001
(s|a|v),9,0.0001
(ŝ|a|ŭm),9,0.0001
(n|u|p),9,0.0001
(st|o|p),9,0.0001
(s|u|lt),9,0.0001
(n|a|d),9,0.0001
(gl|a|ŭ),9,0.0001
(v|a|ĉ),9,0.0001
(gn|e),9,0.0001
(ĥ|a|jn),9,0.0001
(t|o|v),9,0.0001
(s|e|rĉ),9,0.0001
(gr|o|d),9,0.0001
(skl|a|v),8,0.0001
(sn|o),8,0.0001
(ĝ|i|m),8,0.0001
(c|i|ŝ),8,0.0001
(tr|i|nk),8,0.0001
(s|i|r),8,0.0001
(lj|u|b),8,0.0001
(lj|a),8,0.0001
(z|a|ĝ),8,0.0001
(p|u|z),8,0.0001
(t|e|st),8,0.0001
(p|i|r),8,0.0001
(∅|i|ŝ),8,0.0001
(l|i|v),8,0.0001
(g|i|ŝ),8,0.0001
(r|a|c),8,0.0001
(tr|o|k),8,0.0001
(p|e|kt),8,0.0001
(fr|i|d),8,0.0001
(gl|e|n),8,0.0001
(g|u|n),8,0.0001
(tr|u|d),7,0.0001
(k|u|b),7,0.0001
(ŝt|a|l),7,0.0001
(∅|e|jn),7,0.0001
(ŝt|e|j),7,0.0001
(n|o|l),7,0.0001
(gk|o),7,0.0001
(m|e|nc),7,0.0001
(s|u|bs),7,0.0001
(l|e|c),7,0.0001
(gr|u|nd),7,0.0001
(z|i|ĝ),7,0.0001
(sp|a|r),7,0.0001
(∅|a|rk),7,0.0001
(st|a|b),7,0.0001
(j|u|t),7,0.0001
(v|e|d),7,0.0001
(ĥ|a|r),7,0.0001
(j|u|g),7,0.0001
(tr|e|s),7,0.0001
(t|i|z),7,0.0001
(h|a|v),7,0.0001
(gj|o),7,0.0001
(t|o|ĥ),7,0.0001
(bl|e|n),7,0.0001
(ŝv|a),7,0.0001
(r|a|nĝ),7,0.0001
(r|i|ns),7,0.0001
(l|u|b),7,0.0001
(kr|a|s),7,0.0001
(tr|a|t),7,0.0001
(tr|a|b),7,0.0001
(n|u|jn),7,0.0001
(gr|a|v),7,0.0001
(v|a|st),7,0.0001
(bj|e),7,0.0001
(t|e|t),7,0.0001
(zl|a|t),7,0.0001
(pr|u|j),6,0.0000
(tr|a|r),6,0.0000
(r|e|ks),6,0.0000
(d|a|nc),6,0.0000
(g|a|rd),6,0.0000
(b|u|m),6,0.0000
(f|a|t),6,0.0000
(v|o|f),6,0.0000
(tv|a),6,0.0000
(ĥm|e),6,0.0000
(b|a|d),6,0.0000
(b|o|c),6,0.0000
(g|o|lf),6,0.0000
(v|e|nt),6,0.0000
(g|a|ng),6,0.0000
(skl|e),6,0.0000
(v|o|k),6,0.0000
(st|u|rm),6,0.0000
(p|o|t),6,0.0000
(gv|o|k),6,0.0000
(r|u|l),6,0.0000
(r|u|m),6,0.0000
(hr|i|v),6,0.0000
(dr|a|m),6,0.0000
(pr|i|nc),6,0.0000
(r|e|d),6,0.0000
(kv|e|s),6,0.0000
(f|o|k),6,0.0000
(tr|a|nĉ),6,0.0000
(r|e|jn),6,0.0000
(b|e|t),6,0.0000
(v|e|rm),6,0.0000
(dj|a|n),6,0.0000
(tr|i|p),6,0.0000
(d|u|ŝ),6,0.0000
(fl|i),6,0.0000
(v|e|lk),6,0.0000
(k|i|ns),6,0.0000
(∅|i|st),6,0.0000
(s|u|f),6,0.0000
(ĥ|e|b),6,0.0000
(j|a|b),6,0.0000
(m|a|z),6,0.0000
(l|a|v),5,0.0000
(v|a|t),5,0.0000
(tm|o|n),5,0.0000
(kl|o|jn),5,0.0000
(ĝ|a|ŭ),5,0.0000
(r|e|st),5,0.0000
(b|o|p),5,0.0000
(l|u|v),5,0.0000
(kr|o|j),5,0.0000
(kl|e|v),5,0.0000
(rŭ|a|n),5,0.0000
(lv|o),5,0.0000
(ŝr|a|ŭ),5,0.0000
(ĵ|e|r),5,0.0000
(k|e|t),5,0.0000
(r|a|ng),5,0.0000
(t|i|c),5,0.0000
(tm|o),5,0.0000
(ft|i),5,0.0000
(gl|o|jn),5,0.0000
(t|a|ŝ),5,0.0000
(ŝv|i|t),5,0.0000
(ĵ|i|s),5,0.0000
(z|o|t),5,0.0000
(s|a|f),5,0.0000
(kr|o|jn),5,0.0000
(z|e|t),5,0.0000
(m|a|m),5,0.0000
(v|a|ks),5,0.0000
(gr|u|p),5,0.0000
(ĥ|o|jn),5,0.0000
(ks|o|j),5,0.0000
(s|a|nkt),5,0.0000
(gn|o),5,0.0000
(m|a|nĝ),5,0.0000
(ks|i),5,0.0000
(v|i|m),5,0.0000
(kl|o|s),5,0.0000
(n|o|d),5,0.0000
(pr|a|m),5,0.0000
(v|a|f),5,0.0000
(zl|o),5,0.0000
(gl|o|s),5,0.0000
(f|a|d),5,0.0000
(ĵ|o|r),5,0.0000
(ŝ|a|rĝ),5,0.0000
(gl|o|n),5,0.0000
(pt|a|r),5,0.0000
(n|a|b),5,0.0000
(kl|a|f),5,0.0000
(r|i|m),5,0.0000
(c|e|nc),5,0.0000
(j|a|d),5,0.0000
(p|a|p),5,0.0000
(t|a|kt),5,0.0000
(gv|o|t),5,0.0000
(br|i|ĉ),5,0.0000
(v|i|p),5,0.0000
(l|e|kt),5,0.0000
(p|e|p),5,0.0000
(f|a|m),5,0.0000
(m|a|nk),5,0.0000
(s|o|m),5,0.0000
(d|e|nt),5,0.0000
(sv|e|r),5,0.0000
(ĉ|e|b),5,0.0000
(gr|i|z),5,0.0000
(n|e|ĝ),5,0.0000
(v|a|rm),5,0.0000
(kn|e),5,0.0000
(h|i|r),5,0.0000
(l|a|rĝ),5,0.0000
(sk|o|p),5,0.0000
(d|o|rs),5,0.0000
(m|o|t),5,0.0000
(c|e|ŭ),5,0.0000
(br|e|k),5,0.0000
(k|o|t),5,0.0000
(s|e|v),5,0.0000
(sv|e|t),5,0.0000
